applicant_id,age,income,credit_score,employment_years,zip_code,browser,application_hour,loan_amount_requested,approved
APP_00000,60,40795,820,10,10072,Chrome,19,21850,1
APP_00001,44,62194,637,20,10100,Chrome,20,6685,1
APP_00002,23,84735,843,1,10064,Chrome,18,24769,0
APP_00003,43,96932,785,21,10049,Safari,16,7747,0
APP_00004,37,84150,739,14,10062,Chrome,21,36551,1
APP_00005,24,94092,684,2,10073,Chrome,21,13792,1
APP_00006,35,98969,814,13,10002,Safari,15,22159,0
APP_00007,68,131530,755,16,10036,Chrome,14,16653,1
APP_00008,63,77995,740,17,10090,Chrome,19,31557,1
APP_00009,57,57606,820,7,10078,Chrome,18,29253,1
APP_00010,61,114812,757,12,10082,Chrome,19,26243,1
APP_00011,66,130512,706,14,10045,Chrome,16,7027,1
APP_00012,29,149375,612,7,10081,Chrome,20,17666,1
APP_00013,26,28561,780,4,10028,Safari,10,28599,0
APP_00014,44,102373,765,4,10099,Chrome,20,47530,1
APP_00015,22,123018,650,0,10078,Chrome,22,38270,0
APP_00016,35,115982,832,8,10079,Chrome,19,28419,1
APP_00017,34,147546,612,6,10052,Chrome,21,23141,1
APP_00018,58,130878,780,12,10015,Safari,16,21198,0
APP_00019,43,47299,615,9,10045,Safari,12,34723,0
APP_00020,65,94163,835,10,10092,Chrome,18,35080,1
APP_00021,48,86373,670,19,10077,Chrome,20,34320,1
APP_00022,58,122504,783,11,10024,Safari,16,8304,0
APP_00023,33,77733,844,1,10003,Safari,9,31736,0
APP_00024,23,128041,769,1,10087,Chrome,18,26556,1
APP_00025,65,129095,747,22,10068,Chrome,20,17688,1
APP_00026,59,92863,647,5,10086,Chrome,18,32848,1
APP_00027,27,76663,808,5,10059,Chrome,19,39754,1
APP_00028,40,36411,748,18,10033,Safari,16,42504,0
APP_00029,32,33155,700,9,10099,Chrome,19,30199,1
APP_00030,23,56616,803,1,10069,Chrome,20,12158,0
APP_00031,30,32400,648,8,10048,Chrome,14,17183,0
APP_00032,32,141336,653,10,10099,Chrome,18,21482,1
APP_00033,46,137476,743,21,10035,Safari,9,43467,0
APP_00034,54,144181,826,15,10020,Chrome,11,25880,1
APP_00035,54,95091,571,13,10030,Safari,14,10895,0
APP_00036,48,55746,775,20,10030,Safari,9,34124,0
APP_00037,69,70714,553,2,10064,Chrome,18,23589,1
APP_00038,50,107989,555,2,10037,Safari,13,5699,0
APP_00039,54,149019,740,20,10032,Safari,16,31641,0
APP_00040,46,57745,772,21,10058,Chrome,19,12455,0
APP_00041,68,36093,700,1,10027,Safari,16,45864,0
APP_00042,30,103069,725,6,10093,Chrome,19,43754,1
APP_00043,46,35647,562,6,10057,Chrome,21,7368,1
APP_00044,29,31655,691,7,10087,Chrome,19,18121,1
APP_00045,53,35966,600,24,10058,Chrome,22,27677,1
APP_00046,43,56024,729,9,10070,Chrome,20,7491,1
APP_00047,58,138632,813,20,10060,Chrome,22,26606,1
APP_00048,25,79021,596,2,10055,Chrome,22,42233,1
APP_00049,63,108613,696,16,10063,Chrome,19,30945,1
APP_00050,58,57217,666,22,10009,Safari,10,21896,0
APP_00051,68,71175,675,21,10048,Chrome,9,8343,1
APP_00052,60,54375,618,21,10093,Chrome,21,6679,1
APP_00053,58,97789,734,13,10092,Chrome,18,35445,1
APP_00054,26,120435,767,4,10085,Chrome,18,42220,1
APP_00055,44,129185,559,21,10069,Chrome,21,45158,1
APP_00056,31,48289,696,0,10069,Chrome,19,34168,0
APP_00057,49,116007,709,19,10024,Safari,9,9000,0
APP_00058,64,145420,817,2,10065,Chrome,19,22450,1
APP_00059,65,45764,561,13,10002,Safari,15,32472,1
APP_00060,47,50351,642,9,10090,Chrome,20,46576,1
APP_00061,28,28267,663,6,10075,Chrome,21,38496,0
APP_00062,42,114084,798,3,10010,Safari,11,22506,0
APP_00063,69,42955,645,23,10023,Chrome,9,25150,0
APP_00064,34,68286,766,2,10030,Safari,16,5728,0
APP_00065,43,144180,736,18,10049,Chrome,11,41939,1
APP_00066,30,60270,833,8,10095,Chrome,20,10486,0
APP_00067,37,111900,618,2,10012,Safari,12,6167,0
APP_00068,60,109076,730,9,10058,Chrome,19,14348,1
APP_00069,56,63102,770,10,10075,Chrome,21,28625,1
APP_00070,65,97592,802,5,10007,Safari,9,32569,0
APP_00071,48,44065,743,4,10029,Chrome,16,47348,1
APP_00072,22,108285,694,0,10089,Chrome,21,40909,1
APP_00073,52,59578,731,6,10091,Chrome,20,33710,1
APP_00074,24,111188,690,2,10092,Chrome,21,18116,1
APP_00075,62,67918,550,2,10077,Chrome,18,38982,1
APP_00076,46,58591,666,5,10058,Chrome,22,39620,1
APP_00077,68,45559,762,10,10036,Chrome,10,11190,0
APP_00078,62,77528,563,14,10031,Safari,11,24087,0
APP_00079,44,49504,561,9,10096,Chrome,21,28959,1
APP_00080,49,144156,557,3,10090,Chrome,21,36921,1
APP_00081,49,52355,590,3,10064,Chrome,18,43088,1
APP_00082,54,80284,761,12,10092,Chrome,22,39349,1
APP_00083,56,143012,631,18,10069,Chrome,19,5009,1
APP_00084,51,48793,800,12,10005,Safari,9,39961,1
APP_00085,53,136854,726,10,10085,Chrome,18,25309,1
APP_00086,48,111704,647,8,10099,Chrome,22,45943,1
APP_00087,27,37763,746,4,10003,Chrome,13,9809,0
APP_00088,31,78330,694,9,10078,Chrome,18,22100,1
APP_00089,25,46949,837,1,10092,Chrome,19,48125,1
APP_00090,24,119074,817,0,10054,Chrome,20,47808,0
APP_00091,38,78871,804,14,10023,Safari,10,31698,0
APP_00092,60,106317,741,1,10038,Safari,15,28386,0
APP_00093,55,108251,798,5,10097,Chrome,21,9637,1
APP_00094,63,147418,630,4,10029,Chrome,10,24963,1
APP_00095,41,127468,583,5,10053,Chrome,20,17015,1
APP_00096,32,141594,660,10,10023,Safari,14,27415,1
APP_00097,29,83243,733,7,10067,Chrome,20,9188,0
APP_00098,53,100697,610,18,10019,Safari,10,41668,0
APP_00099,43,104252,550,4,10012,Safari,14,31329,1
APP_00100,66,106818,622,24,10047,Safari,14,24262,0
APP_00101,69,77796,575,3,10001,Safari,12,5302,1
APP_00102,43,33717,577,21,10078,Chrome,22,44577,1
APP_00103,35,40034,556,2,10023,Safari,13,45441,0
APP_00104,59,130186,564,24,10028,Safari,15,11229,1
APP_00105,47,139813,849,24,10017,Safari,10,13258,1
APP_00106,62,149049,660,3,10086,Chrome,18,28275,1
APP_00107,40,106449,650,5,10052,Chrome,19,15167,1
APP_00108,66,137581,778,24,10033,Safari,14,10622,1
APP_00109,69,52139,644,23,10055,Chrome,20,29818,1
APP_00110,52,140751,778,3,10024,Safari,12,33746,1
APP_00111,25,112886,683,3,10094,Chrome,20,43328,1
APP_00112,23,25846,752,1,10026,Chrome,14,35105,0
APP_00113,25,116922,761,0,10020,Safari,10,17941,0
APP_00114,59,26828,688,3,10077,Chrome,18,5009,1
APP_00115,26,112958,687,4,10002,Chrome,9,6342,0
APP_00116,58,133872,822,8,10075,Chrome,20,33253,1
APP_00117,52,131288,618,11,10050,Chrome,9,24019,1
APP_00118,56,149450,550,7,10064,Chrome,22,13007,1
APP_00119,32,66832,778,10,10060,Chrome,22,20524,1
APP_00120,26,44282,627,3,10089,Chrome,18,48303,0
APP_00121,29,100046,653,7,10032,Safari,15,42438,0
APP_00122,36,34184,702,14,10097,Chrome,19,23381,1
APP_00123,61,117263,588,18,10070,Chrome,20,29519,1
APP_00124,63,112487,564,14,10029,Chrome,11,38187,0
APP_00125,50,35789,646,4,10027,Safari,14,37265,0
APP_00126,26,137250,667,4,10013,Chrome,16,45631,1
APP_00127,36,126532,685,4,10029,Chrome,10,21478,1
APP_00128,57,124097,848,4,10020,Chrome,14,49165,1
APP_00129,29,80318,767,7,10062,Chrome,18,31215,1
APP_00130,64,110451,682,23,10037,Safari,12,49409,0
APP_00131,30,144797,600,8,10040,Chrome,9,16053,0
APP_00132,58,61244,659,3,10054,Chrome,18,39622,0
APP_00133,61,88374,698,14,10073,Chrome,19,44224,1
APP_00134,47,38224,840,19,10025,Chrome,15,13666,0
APP_00135,55,146178,566,10,10059,Chrome,20,6990,1
APP_00136,27,44956,710,5,10029,Safari,12,21241,0
APP_00137,42,52696,633,8,10049,Chrome,15,14916,0
APP_00138,61,146392,806,12,10094,Chrome,20,38719,1
APP_00139,40,118501,581,16,10045,Chrome,11,23449,0
APP_00140,22,89077,724,0,10066,Chrome,18,31737,1
APP_00141,51,63565,681,0,10008,Chrome,16,42641,0
APP_00142,31,100629,711,0,10087,Chrome,19,24846,0
APP_00143,50,134575,796,2,10088,Chrome,22,13519,1
APP_00144,68,93836,616,18,10097,Chrome,19,12970,1
APP_00145,53,112127,627,23,10046,Safari,13,26389,0
APP_00146,52,91358,556,9,10007,Chrome,16,41220,0
APP_00147,40,38859,834,17,10002,Safari,11,42609,0
APP_00148,23,119914,668,1,10020,Safari,14,12083,0
APP_00149,56,145307,829,16,10074,Chrome,20,29557,1
APP_00150,44,111143,773,16,10081,Chrome,19,46196,1
APP_00151,46,85774,750,21,10022,Chrome,10,16372,0
APP_00152,55,99532,624,5,10018,Chrome,9,36653,0
APP_00153,55,64952,714,24,10076,Chrome,19,21725,1
APP_00154,42,76226,836,5,10091,Chrome,21,13646,1
APP_00155,31,84052,739,9,10064,Chrome,20,24250,1
APP_00156,57,112410,831,20,10011,Safari,9,29762,1
APP_00157,60,121999,776,21,10098,Chrome,22,28863,1
APP_00158,54,84129,585,14,10020,Chrome,9,29058,1
APP_00159,66,63890,750,1,10073,Chrome,18,39008,1
APP_00160,64,108559,591,24,10039,Safari,12,46131,1
APP_00161,51,45581,561,18,10044,Chrome,9,41408,0
APP_00162,68,45491,629,23,10083,Chrome,22,16344,1
APP_00163,44,79756,747,7,10025,Safari,11,30064,0
APP_00164,66,137153,596,9,10016,Safari,13,24541,0
APP_00165,28,69813,666,6,10009,Safari,11,34398,1
APP_00166,50,31737,772,19,10039,Safari,15,26776,0
APP_00167,35,99910,701,2,10060,Chrome,20,34866,1
APP_00168,61,122241,732,22,10039,Safari,13,20317,1
APP_00169,46,32564,759,0,10016,Chrome,10,13502,0
APP_00170,56,77393,583,22,10013,Chrome,11,35586,0
APP_00171,60,132309,578,16,10093,Chrome,21,17984,1
APP_00172,37,110431,785,14,10010,Safari,12,17676,1
APP_00173,22,57733,726,0,10045,Safari,12,37913,0
APP_00174,58,65600,742,20,10079,Chrome,18,28895,1
APP_00175,25,122419,736,3,10061,Chrome,21,42573,1
APP_00176,60,149343,560,12,10098,Chrome,21,20934,1
APP_00177,66,59157,656,1,10057,Chrome,18,48513,1
APP_00178,24,39199,811,2,10005,Safari,9,16362,0
APP_00179,41,43297,790,9,10035,Safari,16,29578,0
APP_00180,53,32906,818,23,10089,Chrome,22,49641,1
APP_00181,32,108560,672,8,10067,Chrome,21,33841,0
APP_00182,30,71542,589,8,10005,Safari,12,38742,0
APP_00183,59,105199,800,4,10048,Safari,12,14903,0
APP_00184,34,66755,630,12,10040,Safari,11,24129,0
APP_00185,24,26591,589,1,10040,Safari,14,25695,0
APP_00186,40,142071,717,0,10059,Chrome,18,44692,0
APP_00187,64,76756,730,9,10100,Chrome,21,27534,1
APP_00188,26,73874,594,4,10031,Safari,11,16700,0
APP_00189,51,67534,631,3,10002,Safari,15,15177,0
APP_00190,53,120756,595,16,10017,Safari,16,36575,1
APP_00191,66,26007,623,8,10096,Chrome,21,38339,0
APP_00192,36,116357,586,14,10068,Chrome,21,12491,1
APP_00193,48,137831,566,11,10022,Safari,14,25953,0
APP_00194,39,92889,819,14,10029,Safari,12,40196,0
APP_00195,33,112046,578,10,10033,Safari,11,32082,0
APP_00196,44,69569,775,3,10081,Chrome,18,21422,1
APP_00197,36,66846,834,10,10032,Safari,14,16722,1
APP_00198,48,77930,785,23,10092,Chrome,22,33602,1
APP_00199,41,73901,696,19,10069,Chrome,18,17857,0
APP_00200,59,44982,711,2,10064,Chrome,21,31385,0
APP_00201,36,48019,757,7,10060,Chrome,18,41444,1
APP_00202,29,99318,576,7,10050,Safari,16,43827,0
APP_00203,45,69859,595,14,10025,Safari,14,18547,1
APP_00204,41,59531,558,5,10048,Safari,14,40201,0
APP_00205,45,107503,613,12,10081,Chrome,19,31589,1
APP_00206,39,108309,644,5,10032,Chrome,12,25581,0
APP_00207,62,55087,816,21,10051,Chrome,18,44499,1
APP_00208,67,63559,629,21,10086,Chrome,18,13905,1
APP_00209,61,47431,791,0,10002,Chrome,14,28116,0
APP_00210,47,75069,652,1,10038,Safari,10,8041,0
APP_00211,63,34078,672,5,10009,Safari,16,38320,0
APP_00212,33,145071,727,11,10062,Chrome,20,37975,1
APP_00213,25,36653,571,2,10041,Safari,10,20349,0
APP_00214,33,35326,561,11,10025,Safari,15,9780,0
APP_00215,29,53380,668,7,10055,Chrome,21,25049,1
APP_00216,27,130361,760,5,10037,Chrome,11,19025,0
APP_00217,56,70500,642,21,10063,Chrome,21,12005,1
APP_00218,42,139846,573,19,10037,Safari,12,38723,0
APP_00219,45,139225,726,18,10096,Chrome,19,36860,1
APP_00220,55,47015,777,1,10079,Chrome,19,34426,0
APP_00221,33,143402,786,11,10040,Safari,10,24975,0
APP_00222,57,48279,636,9,10044,Safari,13,49965,0
APP_00223,66,29648,660,13,10089,Chrome,18,31616,1
APP_00224,49,92649,712,4,10005,Chrome,16,37419,0
APP_00225,66,146750,836,10,10010,Safari,10,10724,1
APP_00226,31,101619,806,4,10020,Chrome,9,21959,0
APP_00227,41,132803,670,10,10037,Safari,9,41336,0
APP_00228,65,104671,705,14,10079,Chrome,20,39707,1
APP_00229,35,106537,842,13,10026,Safari,14,15724,1
APP_00230,26,54856,728,4,10012,Chrome,16,43138,1
APP_00231,64,90661,766,17,10029,Safari,15,11570,0
APP_00232,44,130899,843,19,10023,Safari,16,6969,1
APP_00233,63,107811,557,17,10085,Chrome,22,45287,1
APP_00234,59,62380,635,14,10034,Chrome,11,27473,0
APP_00235,51,80409,694,7,10047,Safari,16,42208,0
APP_00236,67,55659,838,0,10019,Chrome,16,18380,0
APP_00237,62,135169,769,1,10064,Chrome,18,12848,1
APP_00238,46,136279,818,8,10077,Chrome,20,30923,1
APP_00239,55,139044,651,13,10004,Chrome,10,36116,0
APP_00240,62,138942,678,23,10054,Chrome,22,8726,1
APP_00241,22,52723,748,0,10021,Safari,9,13927,0
APP_00242,56,47443,651,10,10099,Chrome,19,30537,1
APP_00243,67,102576,552,20,10026,Chrome,12,36348,0
APP_00244,50,26177,702,11,10005,Safari,12,48790,0
APP_00245,64,116055,570,22,10080,Chrome,21,44310,1
APP_00246,46,33906,600,14,10068,Chrome,20,11012,0
APP_00247,25,32151,601,3,10027,Safari,16,47641,0
APP_00248,23,69976,626,1,10090,Chrome,20,39054,1
APP_00249,52,69139,623,6,10013,Safari,9,29489,1
APP_00250,63,144735,585,19,10068,Chrome,18,26675,1
APP_00251,66,38673,596,12,10022,Chrome,9,42384,0
APP_00252,36,106929,670,9,10072,Chrome,18,40993,1
APP_00253,48,59084,617,17,10024,Safari,10,28384,0
APP_00254,39,128314,713,9,10097,Chrome,22,31160,1
APP_00255,56,142867,775,0,10021,Safari,15,32042,1
APP_00256,49,65390,709,10,10010,Safari,9,12421,1
APP_00257,46,124073,840,6,10085,Chrome,19,37117,1
APP_00258,60,123032,829,13,10019,Safari,16,30766,0
APP_00259,66,79253,585,7,10097,Chrome,18,36367,1
APP_00260,54,35106,619,8,10068,Chrome,21,8713,1
APP_00261,26,93011,576,4,10008,Safari,14,45747,0
APP_00262,24,99069,679,2,10044,Safari,10,14686,0
APP_00263,51,78363,813,21,10044,Chrome,13,15526,1
APP_00264,68,50592,757,9,10062,Chrome,21,34328,1
APP_00265,37,133427,685,15,10003,Safari,12,34301,0
APP_00266,26,145787,797,4,10065,Chrome,22,18395,0
APP_00267,27,146237,780,0,10016,Safari,13,21163,0
APP_00268,54,30782,663,12,10066,Chrome,19,35682,1
APP_00269,30,109416,729,8,10026,Safari,11,29981,0
APP_00270,64,35382,650,19,10012,Safari,10,26932,0
APP_00271,56,101957,765,9,10030,Safari,15,34619,0
APP_00272,35,98800,712,1,10091,Chrome,19,12373,1
APP_00273,41,80249,805,9,10025,Safari,9,13286,0
APP_00274,35,56552,659,13,10054,Chrome,21,16138,0
APP_00275,56,76112,574,12,10098,Chrome,19,22347,1
APP_00276,46,56822,617,12,10060,Chrome,21,16916,1
APP_00277,52,58613,569,17,10093,Chrome,22,17330,1
APP_00278,23,128483,700,1,10031,Chrome,10,44256,1
APP_00279,23,80677,816,1,10031,Chrome,11,49936,0
APP_00280,56,86588,705,13,10007,Safari,12,39406,0
APP_00281,61,48312,650,6,10052,Chrome,21,17411,1
APP_00282,59,142990,727,4,10063,Chrome,22,19818,1
APP_00283,28,121410,641,6,10014,Safari,13,9481,1
APP_00284,48,31548,795,5,10079,Chrome,19,10542,1
APP_00285,26,121320,562,4,10090,Chrome,22,21052,1
APP_00286,39,72076,722,3,10081,Chrome,21,15634,1
APP_00287,42,142043,805,20,10026,Chrome,16,33411,1
APP_00288,39,46223,776,8,10093,Chrome,19,48404,1
APP_00289,62,55911,566,23,10009,Chrome,16,11172,0
APP_00290,54,114097,791,7,10021,Safari,16,33602,0
APP_00291,43,76399,628,16,10060,Chrome,22,36186,1
APP_00292,26,55111,636,4,10008,Safari,11,41224,1
APP_00293,66,53082,701,16,10005,Safari,15,14866,0
APP_00294,36,128634,577,14,10058,Chrome,19,47533,1
APP_00295,68,103815,769,16,10095,Chrome,18,40144,1
APP_00296,23,121718,598,1,10068,Chrome,18,17504,0
APP_00297,31,59964,713,9,10091,Chrome,22,47676,0
APP_00298,53,137990,837,1,10011,Safari,10,31806,1
APP_00299,30,47168,673,8,10022,Chrome,12,32935,0
APP_00300,67,109080,671,22,10039,Chrome,10,39964,0
APP_00301,34,130469,698,7,10046,Chrome,12,47719,0
APP_00302,32,119463,635,10,10089,Chrome,22,24921,1
APP_00303,23,89028,762,1,10052,Chrome,20,25567,0
APP_00304,65,82804,827,10,10037,Safari,15,23037,0
APP_00305,40,106942,579,6,10025,Safari,10,41495,0
APP_00306,29,47656,810,2,10065,Chrome,20,26727,1
APP_00307,63,147721,559,20,10046,Safari,9,7159,0
APP_00308,34,142235,635,9,10090,Chrome,21,31832,1
APP_00309,35,140725,670,1,10053,Chrome,20,41751,1
APP_00310,52,30110,619,23,10083,Chrome,21,14596,0
APP_00311,25,132539,573,3,10099,Chrome,22,18109,1
APP_00312,61,144654,751,5,10046,Chrome,12,32766,0
APP_00313,28,93099,770,6,10003,Safari,15,11643,1
APP_00314,25,61727,803,3,10034,Safari,12,33731,0
APP_00315,40,135384,760,18,10024,Chrome,14,18428,1
APP_00316,52,140555,741,18,10048,Safari,9,15720,0
APP_00317,39,124134,665,16,10092,Chrome,20,21184,1
APP_00318,66,102984,747,3,10020,Safari,14,35254,0
APP_00319,35,141859,624,6,10009,Safari,12,35268,0
APP_00320,31,59865,808,9,10094,Chrome,22,40525,0
APP_00321,38,115106,600,16,10019,Safari,11,34252,1
APP_00322,50,32999,598,20,10074,Chrome,21,31201,0
APP_00323,25,54309,780,3,10035,Chrome,14,18493,0
APP_00324,67,137443,737,24,10031,Safari,13,20261,0
APP_00325,45,99603,655,21,10092,Chrome,21,13461,1
APP_00326,31,57591,731,9,10089,Chrome,21,46800,1
APP_00327,66,30347,733,10,10084,Chrome,20,43328,1
APP_00328,42,72299,727,0,10091,Chrome,19,12927,1
APP_00329,32,91707,692,10,10071,Chrome,19,7539,1
APP_00330,35,95968,714,13,10082,Chrome,19,36703,1
APP_00331,40,82714,710,17,10068,Chrome,18,38365,1
APP_00332,54,87032,701,1,10028,Safari,14,26008,0
APP_00333,55,75669,747,1,10065,Chrome,22,22921,1
APP_00334,43,136672,615,9,10098,Chrome,20,17924,1
APP_00335,60,118269,625,23,10040,Safari,11,6727,1
APP_00336,53,88878,826,19,10026,Chrome,14,10774,1
APP_00337,61,121468,628,21,10092,Chrome,22,32624,1
APP_00338,61,43489,833,16,10063,Chrome,20,47951,1
APP_00339,65,48648,591,19,10099,Chrome,21,31390,1
APP_00340,46,76578,727,10,10019,Safari,12,38243,0
APP_00341,62,100939,634,7,10055,Chrome,19,11971,1
APP_00342,41,110445,817,1,10007,Safari,11,18937,0
APP_00343,64,29135,769,0,10008,Safari,11,30188,0
APP_00344,25,64901,795,3,10032,Chrome,15,44951,1
APP_00345,22,50150,658,0,10021,Safari,12,6125,0
APP_00346,52,51170,796,4,10025,Safari,12,29217,1
APP_00347,26,57994,738,4,10050,Chrome,9,35090,1
APP_00348,23,77142,762,1,10098,Chrome,21,17763,0
APP_00349,51,132481,826,23,10090,Chrome,22,23099,1
APP_00350,55,70096,624,24,10023,Safari,13,23058,0
APP_00351,51,65718,838,19,10016,Safari,16,5155,1
APP_00352,68,92494,750,19,10001,Safari,15,14794,0
APP_00353,25,123745,843,3,10063,Chrome,18,33276,1
APP_00354,67,33179,691,3,10076,Chrome,18,49898,1
APP_00355,34,81526,759,12,10097,Chrome,20,7454,1
APP_00356,48,108297,595,5,10014,Safari,11,43429,0
APP_00357,35,47010,633,13,10025,Safari,14,39518,0
APP_00358,43,43351,632,13,10051,Chrome,20,29264,0
APP_00359,49,30075,722,6,10078,Chrome,20,18947,0
APP_00360,40,77142,669,5,10053,Chrome,18,11816,1
APP_00361,46,71733,752,20,10099,Chrome,18,10827,1
APP_00362,25,75139,813,1,10086,Chrome,22,14277,0
APP_00363,69,34885,817,2,10011,Chrome,15,18615,0
APP_00364,41,69900,721,0,10073,Chrome,21,30634,0
APP_00365,38,111497,765,0,10008,Safari,12,11581,0
APP_00366,33,96853,596,11,10019,Safari,16,19868,0
APP_00367,59,121019,706,18,10004,Safari,12,26909,0
APP_00368,33,139604,616,11,10066,Chrome,20,16190,1
APP_00369,62,67752,621,22,10038,Safari,9,11716,1
APP_00370,33,53933,767,7,10083,Chrome,18,15332,1
APP_00371,66,93336,691,2,10048,Safari,13,26180,1
APP_00372,59,68056,739,7,10043,Safari,15,21724,0
APP_00373,63,30482,782,8,10088,Chrome,18,38623,1
APP_00374,42,60634,608,6,10055,Chrome,22,27207,0
APP_00375,32,124821,696,10,10077,Chrome,22,49199,1
APP_00376,65,33210,621,7,10061,Chrome,21,11588,1
APP_00377,69,47432,639,6,10092,Chrome,18,18146,1
APP_00378,67,104190,707,12,10047,Safari,10,9033,1
APP_00379,25,107909,710,3,10082,Chrome,21,38703,1
APP_00380,41,120344,774,11,10015,Safari,13,25584,0
APP_00381,31,76649,815,9,10082,Chrome,18,45312,1
APP_00382,60,71619,808,19,10070,Chrome,19,39396,1
APP_00383,59,58154,845,1,10081,Chrome,21,7282,1
APP_00384,22,73438,762,0,10095,Chrome,18,12461,1
APP_00385,49,35516,656,17,10036,Safari,13,15213,0
APP_00386,51,61027,837,2,10067,Chrome,18,8134,0
APP_00387,44,107279,624,15,10032,Safari,12,25384,0
APP_00388,45,70734,839,23,10028,Safari,16,26312,0
APP_00389,22,109526,697,0,10029,Safari,11,49014,0
APP_00390,52,36738,675,10,10049,Chrome,16,5929,1
APP_00391,69,143387,753,5,10065,Chrome,18,23284,1
APP_00392,26,32069,616,4,10045,Safari,14,42226,0
APP_00393,48,116369,600,17,10006,Safari,14,7169,0
APP_00394,58,96849,673,4,10035,Safari,12,11344,0
APP_00395,50,86516,608,14,10017,Safari,12,32716,0
APP_00396,58,40848,711,12,10086,Chrome,20,14569,1
APP_00397,53,81882,799,16,10085,Chrome,21,31132,1
APP_00398,65,25138,641,23,10099,Chrome,19,31762,1
APP_00399,57,88922,822,2,10082,Chrome,18,49695,1
APP_00400,40,102988,557,4,10017,Chrome,15,43975,0
APP_00401,48,26140,816,21,10045,Safari,14,31086,0
APP_00402,49,32684,733,19,10041,Chrome,9,5882,0
APP_00403,40,128065,657,11,10052,Chrome,19,43115,1
APP_00404,59,83954,765,22,10015,Chrome,11,41593,0
APP_00405,38,55386,768,16,10092,Chrome,21,46862,1
APP_00406,66,78410,597,8,10072,Chrome,18,7384,1
APP_00407,54,127239,696,5,10067,Chrome,22,30518,1
APP_00408,67,75876,836,22,10080,Chrome,22,10845,1
APP_00409,64,61674,603,9,10042,Safari,12,44105,0
APP_00410,62,77887,584,23,10030,Safari,11,15503,0
APP_00411,47,61976,579,6,10067,Chrome,18,14764,1
APP_00412,22,145356,690,0,10008,Safari,15,46216,0
APP_00413,57,119754,743,7,10023,Safari,16,13605,0
APP_00414,52,26381,624,2,10072,Chrome,21,49716,1
APP_00415,53,112329,594,18,10016,Safari,10,29297,0
APP_00416,37,106253,737,1,10066,Chrome,21,7951,1
APP_00417,44,148853,669,22,10027,Safari,15,7368,1
APP_00418,38,40592,707,16,10013,Safari,9,35750,0
APP_00419,38,41566,572,9,10010,Safari,12,5159,0
APP_00420,35,56921,602,13,10079,Chrome,21,38996,1
APP_00421,44,81071,561,22,10031,Safari,10,12016,1
APP_00422,33,73688,628,11,10095,Chrome,22,36897,1
APP_00423,39,93703,763,5,10081,Chrome,19,19087,1
APP_00424,62,60205,706,10,10065,Chrome,18,10793,1
APP_00425,65,30571,649,17,10015,Safari,14,49452,0
APP_00426,38,57441,767,0,10060,Chrome,19,11318,0
APP_00427,44,110716,784,12,10033,Safari,12,14821,1
APP_00428,30,103356,760,8,10037,Safari,16,20206,1
APP_00429,49,50599,590,2,10047,Safari,11,10355,1
APP_00430,62,99619,562,17,10013,Chrome,9,25808,0
APP_00431,59,120690,649,12,10087,Chrome,19,25360,1
APP_00432,45,115887,812,3,10018,Chrome,12,24604,0
APP_00433,49,72591,614,3,10021,Safari,9,31672,0
APP_00434,31,80860,593,9,10053,Chrome,22,25132,1
APP_00435,59,43199,807,21,10081,Chrome,19,22058,1
APP_00436,46,131882,660,5,10017,Safari,13,36128,0
APP_00437,57,26401,737,5,10065,Chrome,21,48791,1
APP_00438,68,101240,653,11,10027,Safari,15,35116,0
APP_00439,27,118574,773,5,10025,Safari,12,25093,0
APP_00440,33,71607,757,10,10100,Chrome,21,25936,1
APP_00441,53,29426,813,0,10087,Chrome,22,49245,0
APP_00442,25,70671,744,3,10029,Safari,15,43011,0
APP_00443,44,74067,767,3,10090,Chrome,22,31423,0
APP_00444,53,99707,692,21,10017,Safari,10,16704,1
APP_00445,47,138688,816,12,10053,Chrome,21,12006,1
APP_00446,49,141682,598,14,10052,Chrome,21,47552,1
APP_00447,68,115270,723,17,10026,Safari,12,40063,1
APP_00448,54,101721,775,14,10096,Chrome,22,32076,1
APP_00449,27,89805,611,5,10062,Chrome,19,48309,1
APP_00450,34,69254,771,2,10094,Chrome,21,5492,0
APP_00451,64,33811,710,16,10075,Chrome,20,18979,1
APP_00452,65,133101,718,15,10068,Chrome,20,20449,1
APP_00453,33,112178,638,11,10019,Safari,10,35873,1
APP_00454,27,83627,657,5,10029,Chrome,11,19122,0
APP_00455,37,80745,796,7,10013,Chrome,12,28360,0
APP_00456,64,46542,630,19,10088,Chrome,22,46045,1
APP_00457,65,102960,623,3,10092,Chrome,19,24710,1
APP_00458,64,49532,765,9,10066,Chrome,20,32413,1
APP_00459,58,106050,690,12,10010,Safari,15,30242,0
APP_00460,55,92712,709,24,10093,Chrome,20,14171,1
APP_00461,41,123932,643,2,10099,Chrome,20,25313,0
APP_00462,35,78521,722,13,10093,Chrome,20,6105,1
APP_00463,25,77160,663,0,10058,Chrome,21,37598,0
APP_00464,31,37602,752,8,10005,Safari,10,39540,1
APP_00465,62,109700,617,4,10011,Safari,12,15521,0
APP_00466,40,91668,737,6,10047,Chrome,13,9557,0
APP_00467,25,68798,633,3,10093,Chrome,20,33783,1
APP_00468,60,38869,820,2,10037,Safari,11,19270,0
APP_00469,57,87433,573,23,10004,Chrome,15,41020,1
APP_00470,44,68884,618,20,10062,Chrome,22,8832,1
APP_00471,27,59148,687,5,10007,Safari,12,43402,1
APP_00472,43,47318,587,18,10036,Chrome,15,40517,0
APP_00473,58,48064,661,18,10078,Chrome,20,12214,1
APP_00474,57,135118,565,23,10022,Safari,9,49602,0
APP_00475,52,89425,751,1,10009,Safari,14,32128,1
APP_00476,38,119019,597,16,10025,Safari,9,43078,1
APP_00477,46,27610,841,16,10088,Chrome,20,28749,1
APP_00478,22,116118,716,0,10081,Chrome,18,23908,1
APP_00479,30,46644,619,5,10084,Chrome,20,41176,0
APP_00480,33,43287,724,11,10055,Chrome,18,44874,1
APP_00481,47,69814,649,3,10018,Chrome,11,23919,1
APP_00482,35,134369,838,13,10034,Safari,11,24356,0
APP_00483,40,95533,717,18,10065,Chrome,22,6855,1
APP_00484,56,83002,753,15,10043,Safari,12,32798,0
APP_00485,23,89887,571,1,10057,Chrome,20,16889,0
APP_00486,37,36254,632,15,10082,Chrome,21,45928,1
APP_00487,33,44581,602,10,10005,Safari,9,15808,0
APP_00488,49,97525,618,21,10059,Chrome,19,21402,1
APP_00489,43,146028,596,6,10068,Chrome,21,8765,0
APP_00490,28,106486,764,6,10087,Chrome,22,42623,1
APP_00491,41,114116,829,17,10063,Chrome,18,30991,1
APP_00492,47,79845,706,9,10017,Safari,12,30917,1
APP_00493,62,26988,631,19,10041,Safari,15,44930,1
APP_00494,24,70833,647,2,10035,Safari,10,27693,0
APP_00495,43,115265,844,14,10020,Safari,12,34267,1
APP_00496,56,51990,839,21,10067,Chrome,20,8849,1
APP_00497,30,136072,597,5,10059,Chrome,21,23689,1
APP_00498,50,65387,614,18,10026,Safari,11,42525,0
APP_00499,69,138530,797,21,10100,Chrome,18,46243,1
APP_00500,22,85272,617,0,10049,Chrome,10,16683,0
APP_00501,30,106132,595,8,10032,Chrome,9,42705,0
APP_00502,48,109021,727,2,10085,Chrome,21,34038,0
APP_00503,36,119851,642,8,10027,Safari,9,9138,1
APP_00504,62,100945,761,12,10040,Chrome,15,35131,0
APP_00505,68,128423,612,0,10069,Chrome,19,15442,1
APP_00506,24,78053,710,2,10016,Chrome,10,6361,1
APP_00507,59,85030,824,3,10059,Chrome,20,39761,1
APP_00508,59,122088,640,13,10008,Safari,9,48516,1
APP_00509,27,49170,844,5,10060,Chrome,22,26128,1
APP_00510,39,37855,736,17,10002,Safari,12,46701,0
APP_00511,61,68427,663,10,10037,Safari,15,45597,0
APP_00512,32,32352,754,3,10086,Chrome,22,34493,1
APP_00513,45,98539,756,0,10055,Chrome,19,46080,1
APP_00514,22,92173,587,0,10029,Safari,13,36174,1
APP_00515,24,60436,633,2,10035,Safari,12,16707,0
APP_00516,48,117471,783,22,10025,Safari,12,8927,0
APP_00517,46,120980,581,22,10096,Chrome,19,6200,1
APP_00518,63,86753,844,15,10097,Chrome,22,5136,1
APP_00519,27,138650,658,2,10039,Chrome,10,37854,1
APP_00520,38,129523,763,8,10029,Safari,16,49589,0
APP_00521,68,141335,594,16,10085,Chrome,21,49049,1
APP_00522,51,95293,795,0,10030,Safari,10,46458,1
APP_00523,35,46113,687,13,10036,Safari,11,31829,1
APP_00524,60,125598,596,21,10019,Chrome,16,48370,1
APP_00525,30,40534,838,0,10019,Safari,10,13640,0
APP_00526,50,116057,690,21,10001,Safari,13,15799,0
APP_00527,50,62158,677,23,10026,Safari,10,20810,0
APP_00528,28,55009,652,6,10065,Chrome,18,44082,1
APP_00529,46,148130,802,2,10079,Chrome,20,15655,0
APP_00530,47,55075,693,24,10054,Chrome,18,38272,1
APP_00531,43,39671,667,8,10071,Chrome,20,42825,1
APP_00532,62,119636,820,2,10011,Safari,16,28185,1
APP_00533,69,66153,773,7,10022,Safari,16,15531,0
APP_00534,36,50307,665,14,10049,Safari,13,29565,1
APP_00535,36,74683,770,9,10093,Chrome,20,13397,1
APP_00536,61,104930,611,3,10060,Chrome,19,48626,1
APP_00537,53,33026,784,1,10062,Chrome,18,19683,0
APP_00538,52,114211,756,15,10025,Safari,10,39660,0
APP_00539,69,57172,844,19,10081,Chrome,20,29255,1
APP_00540,65,44996,608,6,10092,Chrome,21,39693,1
APP_00541,50,102241,764,2,10021,Chrome,13,27260,0
APP_00542,43,143333,719,12,10011,Safari,11,43712,1
APP_00543,61,65172,643,11,10010,Safari,9,23945,0
APP_00544,33,74522,828,11,10062,Chrome,18,42102,1
APP_00545,24,76877,771,0,10094,Chrome,21,49948,1
APP_00546,67,139444,827,9,10053,Chrome,21,29031,1
APP_00547,44,62701,753,0,10028,Safari,14,6093,1
APP_00548,42,50183,712,14,10005,Chrome,16,7103,0
APP_00549,67,137314,781,6,10077,Chrome,19,20623,1
APP_00550,32,75357,805,5,10048,Chrome,13,14306,0
APP_00551,53,39908,712,14,10016,Safari,12,15698,0
APP_00552,42,95130,840,20,10038,Chrome,9,22375,1
APP_00553,57,145735,732,14,10058,Chrome,22,37596,1
APP_00554,31,101312,617,9,10043,Safari,9,43163,0
APP_00555,69,109178,688,13,10098,Chrome,22,8262,1
APP_00556,26,135130,698,4,10050,Chrome,12,29229,0
APP_00557,46,50613,752,10,10061,Chrome,19,12031,1
APP_00558,44,148978,826,11,10005,Safari,9,18288,1
APP_00559,31,25917,613,6,10004,Safari,14,14941,0
APP_00560,68,135684,691,17,10020,Safari,11,42930,0
APP_00561,36,111795,845,14,10020,Safari,16,10213,0
APP_00562,34,44404,842,12,10066,Chrome,19,47570,0
APP_00563,29,47439,848,7,10020,Safari,14,37464,1
APP_00564,41,119835,693,13,10062,Chrome,22,30530,1
APP_00565,68,79199,704,20,10087,Chrome,18,33850,1
APP_00566,41,67788,783,16,10095,Chrome,22,8805,0
APP_00567,67,80571,780,20,10012,Chrome,14,30500,0
APP_00568,40,144277,560,1,10050,Safari,11,31899,0
APP_00569,59,27775,601,14,10084,Chrome,18,19119,0
APP_00570,29,79567,785,7,10023,Safari,16,38629,0
APP_00571,31,127438,577,9,10036,Safari,13,49825,0
APP_00572,43,85931,772,17,10064,Chrome,19,28926,1
APP_00573,32,125315,645,4,10064,Chrome,20,24567,1
APP_00574,44,142904,614,22,10095,Chrome,18,35134,1
APP_00575,63,146012,733,1,10009,Safari,10,33018,1
APP_00576,33,70991,655,11,10079,Chrome,22,48856,1
APP_00577,53,125744,589,19,10090,Chrome,19,19031,1
APP_00578,30,90982,587,8,10060,Chrome,20,25527,1
APP_00579,39,36151,844,3,10059,Chrome,22,32500,0
APP_00580,38,92568,778,5,10083,Chrome,21,6881,1
APP_00581,35,26630,681,6,10072,Chrome,20,19821,1
APP_00582,59,145951,769,20,10094,Chrome,20,34932,1
APP_00583,55,124023,645,5,10072,Chrome,18,30805,1
APP_00584,53,36874,805,11,10049,Safari,13,24800,0
APP_00585,62,117446,803,20,10084,Chrome,21,20916,1
APP_00586,63,122905,825,19,10077,Chrome,21,8968,1
APP_00587,36,76148,822,14,10058,Chrome,20,25588,1
APP_00588,44,102485,813,14,10059,Chrome,22,31096,1
APP_00589,49,96128,738,15,10002,Safari,14,5870,0
APP_00590,34,64519,770,12,10094,Chrome,20,35676,1
APP_00591,51,72764,661,22,10081,Chrome,21,21526,1
APP_00592,30,56923,751,8,10095,Chrome,21,6848,1
APP_00593,30,59485,550,8,10099,Chrome,18,41639,0
APP_00594,36,88627,786,13,10057,Chrome,20,20549,1
APP_00595,33,116456,656,7,10042,Chrome,11,27800,0
APP_00596,54,133959,770,20,10085,Chrome,19,29484,1
APP_00597,66,90727,749,8,10049,Safari,9,32796,1
APP_00598,23,116198,653,1,10028,Safari,16,6051,0
APP_00599,23,100301,668,1,10068,Chrome,18,16939,1
APP_00600,34,25307,607,12,10100,Chrome,20,26689,1
APP_00601,56,80021,733,0,10042,Chrome,15,18255,0
APP_00602,45,73847,686,14,10016,Safari,15,15988,0
APP_00603,46,130982,839,2,10024,Safari,10,46875,0
APP_00604,61,69041,760,2,10024,Chrome,16,22570,0
APP_00605,33,37392,730,11,10026,Chrome,10,44763,0
APP_00606,33,137086,681,11,10048,Safari,9,31177,0
APP_00607,51,45354,698,24,10084,Chrome,22,11589,1
APP_00608,54,70939,843,14,10052,Chrome,18,36508,1
APP_00609,45,50464,619,16,10047,Safari,13,18026,1
APP_00610,43,70927,700,2,10040,Safari,9,8783,0
APP_00611,32,95204,741,4,10053,Chrome,20,39028,1
APP_00612,59,45316,746,8,10059,Chrome,18,19011,1
APP_00613,51,30898,657,11,10039,Safari,15,34631,1
APP_00614,49,94497,643,8,10095,Chrome,19,44454,1
APP_00615,46,133107,827,7,10001,Safari,14,39217,1
APP_00616,42,30454,758,20,10038,Chrome,14,25142,0
APP_00617,38,127928,639,12,10017,Safari,13,11509,0
APP_00618,35,67222,621,13,10054,Chrome,22,14968,1
APP_00619,52,34460,712,5,10069,Chrome,18,5406,0
APP_00620,46,145737,575,14,10005,Safari,11,35143,1
APP_00621,39,100139,822,17,10014,Safari,12,48894,0
APP_00622,36,37306,612,10,10035,Safari,12,14890,1
APP_00623,53,145953,593,7,10024,Safari,11,42952,0
APP_00624,56,62663,713,12,10070,Chrome,22,44791,1
APP_00625,36,137366,845,14,10092,Chrome,21,42292,1
APP_00626,47,116419,786,1,10031,Safari,15,19536,1
APP_00627,60,100308,813,6,10057,Chrome,19,32877,1
APP_00628,39,122137,746,17,10093,Chrome,19,42034,1
APP_00629,66,44094,671,13,10004,Safari,10,24601,0
APP_00630,36,75599,645,8,10074,Chrome,20,17734,1
APP_00631,24,142865,688,2,10017,Safari,9,38576,0
APP_00632,40,74028,763,18,10070,Chrome,18,25435,1
APP_00633,43,39191,796,10,10077,Chrome,20,18704,0
APP_00634,33,115710,819,0,10018,Chrome,15,18001,1
APP_00635,40,41508,724,4,10047,Chrome,9,40739,0
APP_00636,55,56980,797,15,10025,Chrome,14,35009,0
APP_00637,51,135966,676,8,10025,Safari,10,47761,0
APP_00638,56,63346,560,20,10021,Safari,9,7941,0
APP_00639,23,72947,670,1,10082,Chrome,20,30359,1
APP_00640,39,86922,736,15,10006,Safari,15,27831,0
APP_00641,63,41459,737,12,10004,Safari,11,9686,0
APP_00642,29,57006,740,7,10046,Safari,13,33202,1
APP_00643,38,71142,802,16,10036,Chrome,16,7843,0
APP_00644,50,122454,625,4,10030,Safari,15,43892,1
APP_00645,58,113860,744,14,10100,Chrome,21,29338,1
APP_00646,34,46097,570,4,10027,Safari,9,9933,0
APP_00647,57,28969,773,15,10018,Safari,13,39578,1
APP_00648,44,133577,690,10,10062,Chrome,21,40349,1
APP_00649,68,91467,780,18,10019,Chrome,15,46107,0
APP_00650,30,108231,599,8,10005,Chrome,13,38045,1
APP_00651,25,85380,849,1,10077,Chrome,19,15374,0
APP_00652,25,91706,708,2,10057,Chrome,20,31206,1
APP_00653,53,47337,736,19,10010,Safari,9,43751,0
APP_00654,37,131511,794,10,10088,Chrome,22,31627,1
APP_00655,28,137025,644,6,10097,Chrome,18,42422,1
APP_00656,49,46684,655,6,10002,Safari,11,44321,0
APP_00657,32,134863,720,10,10067,Chrome,19,24226,1
APP_00658,23,114904,693,1,10060,Chrome,21,41635,1
APP_00659,46,87559,815,9,10040,Safari,14,46513,1
APP_00660,68,54092,795,15,10022,Chrome,11,27056,1
APP_00661,37,68169,709,15,10066,Chrome,18,26067,1
APP_00662,47,70256,559,24,10098,Chrome,21,26057,1
APP_00663,22,137050,673,0,10024,Safari,9,10197,0
APP_00664,23,32452,564,1,10028,Safari,13,24053,0
APP_00665,35,55564,695,13,10014,Chrome,14,11135,0
APP_00666,27,143819,722,3,10022,Safari,12,7776,0
APP_00667,53,52564,713,19,10018,Safari,13,14615,0
APP_00668,26,101436,653,4,10078,Chrome,21,12148,1
APP_00669,44,109284,748,13,10032,Chrome,14,11638,0
APP_00670,65,58377,810,12,10027,Chrome,11,7253,0
APP_00671,36,135634,794,2,10017,Safari,14,9054,0
APP_00672,53,91471,800,19,10035,Safari,15,45542,0
APP_00673,43,59753,768,21,10072,Chrome,21,12754,1
APP_00674,60,29078,603,23,10075,Chrome,19,7575,1
APP_00675,56,118715,595,2,10065,Chrome,22,20470,1
APP_00676,22,129272,743,0,10070,Chrome,20,8744,1
APP_00677,24,72291,712,2,10091,Chrome,21,23028,1
APP_00678,41,126448,716,3,10019,Safari,13,44099,0
APP_00679,43,42883,601,14,10053,Chrome,20,15450,0
APP_00680,29,27035,749,7,10090,Chrome,19,49950,1
APP_00681,64,81396,686,19,10056,Chrome,20,9875,1
APP_00682,36,37254,816,9,10027,Safari,11,47431,0
APP_00683,27,124245,779,5,10042,Chrome,16,6466,1
APP_00684,68,90911,812,10,10061,Chrome,21,12833,1
APP_00685,59,55573,689,10,10051,Chrome,22,38367,1
APP_00686,37,141600,818,15,10054,Chrome,21,14290,1
APP_00687,53,146136,556,13,10011,Safari,13,46750,0
APP_00688,49,107666,575,24,10054,Chrome,18,32405,1
APP_00689,35,61386,835,13,10067,Chrome,21,40932,1
APP_00690,66,39414,659,23,10089,Chrome,19,35254,1
APP_00691,59,36350,766,9,10007,Chrome,9,34001,0
APP_00692,31,108384,779,9,10033,Safari,10,6539,1
APP_00693,38,42027,767,3,10001,Safari,13,9386,1
APP_00694,29,118948,841,7,10043,Chrome,10,5507,0
APP_00695,50,52151,596,3,10037,Chrome,10,29495,1
APP_00696,60,106384,681,21,10075,Chrome,21,44133,1
APP_00697,57,120761,639,20,10071,Chrome,19,15073,1
APP_00698,44,30209,786,5,10070,Chrome,20,14316,1
APP_00699,39,101382,803,4,10030,Safari,13,31123,0
APP_00700,51,33346,795,20,10076,Chrome,18,39493,1
APP_00701,36,136361,729,6,10044,Safari,11,31347,1
APP_00702,59,128844,735,0,10059,Chrome,20,9675,1
APP_00703,39,52843,647,17,10022,Chrome,10,32832,1
APP_00704,42,100318,800,15,10095,Chrome,21,46183,1
APP_00705,49,103002,668,16,10009,Chrome,13,24158,1
APP_00706,26,112593,602,4,10039,Safari,11,31478,0
APP_00707,24,71418,815,2,10035,Safari,13,37092,1
APP_00708,40,110058,557,18,10084,Chrome,20,34122,1
APP_00709,66,54831,565,12,10067,Chrome,21,11477,1
APP_00710,34,90524,564,6,10098,Chrome,18,19308,1
APP_00711,65,121256,815,10,10080,Chrome,18,41824,1
APP_00712,33,122624,737,11,10078,Chrome,18,41630,1
APP_00713,64,119341,574,17,10062,Chrome,21,32281,1
APP_00714,49,43610,605,14,10009,Safari,9,12235,0
APP_00715,67,87712,555,15,10024,Safari,13,45644,1
APP_00716,46,70203,667,17,10082,Chrome,22,37113,1
APP_00717,68,67814,625,14,10077,Chrome,18,8786,1
APP_00718,40,119242,575,13,10014,Safari,9,26042,0
APP_00719,64,68894,763,22,10056,Chrome,19,25918,1
APP_00720,49,145667,736,0,10019,Safari,14,10296,0
APP_00721,58,39745,648,1,10099,Chrome,22,20997,1
APP_00722,44,66979,699,15,10028,Safari,14,7887,0
APP_00723,65,67422,763,20,10026,Chrome,9,35341,0
APP_00724,44,42010,613,22,10043,Safari,13,5490,0
APP_00725,39,30974,774,17,10057,Chrome,20,26292,1
APP_00726,65,128889,637,18,10047,Safari,10,23771,1
APP_00727,48,125997,686,20,10057,Chrome,19,33967,1
APP_00728,69,73940,626,16,10087,Chrome,22,6627,1
APP_00729,38,98755,574,16,10041,Safari,14,5901,0
APP_00730,66,132594,691,1,10040,Safari,9,33311,1
APP_00731,40,70201,790,18,10088,Chrome,18,27499,1
APP_00732,46,76628,675,10,10098,Chrome,19,5220,1
APP_00733,40,88382,760,18,10016,Safari,10,42344,1
APP_00734,55,108791,785,7,10055,Chrome,18,21252,1
APP_00735,66,65581,570,5,10096,Chrome,20,23982,1
APP_00736,52,91537,559,24,10018,Safari,9,35734,1
APP_00737,25,135782,717,3,10009,Safari,15,29162,0
APP_00738,26,121502,810,4,10079,Chrome,19,41444,1
APP_00739,34,130219,658,9,10061,Chrome,20,12533,1
APP_00740,30,136581,666,8,10099,Chrome,19,17940,0
APP_00741,33,41932,623,11,10073,Chrome,19,37567,0
APP_00742,44,67598,845,6,10085,Chrome,19,5178,0
APP_00743,26,111006,772,4,10031,Safari,9,42356,0
APP_00744,23,28084,671,1,10092,Chrome,20,48705,1
APP_00745,56,54265,624,21,10084,Chrome,20,31426,1
APP_00746,40,25893,693,18,10068,Chrome,21,36670,0
APP_00747,56,129630,819,16,10083,Chrome,20,31928,1
APP_00748,46,108087,660,21,10051,Chrome,21,37335,1
APP_00749,40,26577,822,12,10077,Chrome,19,15785,0
APP_00750,57,143680,555,23,10018,Safari,9,6462,0
APP_00751,38,89173,701,10,10026,Safari,12,18386,1
APP_00752,59,79460,627,18,10090,Chrome,20,27706,1
APP_00753,41,77335,773,19,10059,Chrome,22,41736,1
APP_00754,50,41574,749,23,10068,Chrome,20,25213,1
APP_00755,66,91151,556,0,10091,Chrome,21,8158,1
APP_00756,62,136738,847,20,10033,Chrome,9,21766,1
APP_00757,38,118922,597,2,10047,Chrome,15,39159,1
APP_00758,52,138758,822,23,10023,Safari,10,10454,0
APP_00759,36,116717,576,14,10050,Safari,11,26181,0
APP_00760,68,111988,738,19,10013,Safari,12,31957,0
APP_00761,50,48649,631,21,10071,Chrome,22,26029,0
APP_00762,35,78639,758,4,10078,Chrome,22,42203,0
APP_00763,42,40804,794,20,10035,Chrome,16,44536,0
APP_00764,64,114360,679,3,10085,Chrome,18,34670,1
APP_00765,46,113388,618,19,10064,Chrome,18,32812,1
APP_00766,61,51312,746,9,10057,Chrome,20,40427,1
APP_00767,43,56551,763,21,10034,Safari,14,14824,1
APP_00768,39,51950,646,0,10088,Chrome,22,8153,1
APP_00769,48,59474,608,0,10028,Chrome,12,33229,0
APP_00770,37,29897,636,15,10088,Chrome,22,16703,1
APP_00771,39,126045,662,4,10043,Safari,15,28185,0
APP_00772,44,101981,835,1,10058,Chrome,19,18929,1
APP_00773,28,120527,619,6,10065,Chrome,18,13243,0
APP_00774,64,92356,558,14,10076,Chrome,20,49229,1
APP_00775,41,63871,614,19,10024,Safari,14,37574,0
APP_00776,56,119781,835,21,10075,Chrome,22,11568,1
APP_00777,63,109577,580,15,10018,Safari,14,32094,1
APP_00778,46,91766,659,23,10022,Safari,9,45875,0
APP_00779,55,49354,663,0,10052,Chrome,22,11464,0
APP_00780,22,80514,826,0,10016,Chrome,16,28065,1
APP_00781,37,105859,614,3,10074,Chrome,18,16962,1
APP_00782,44,110382,730,6,10079,Chrome,22,48459,1
APP_00783,35,103863,645,13,10002,Safari,13,15891,1
APP_00784,27,30269,837,5,10084,Chrome,22,40897,0
APP_00785,27,55930,594,0,10023,Safari,15,22451,0
APP_00786,48,31937,646,14,10036,Safari,9,40908,1
APP_00787,23,141278,646,1,10087,Chrome,22,8225,1
APP_00788,56,84470,616,22,10029,Chrome,15,28110,1
APP_00789,24,81633,581,2,10043,Safari,14,22587,1
APP_00790,53,60333,652,9,10071,Chrome,21,12099,1
APP_00791,38,36360,623,16,10063,Chrome,20,19271,1
APP_00792,33,127455,757,8,10032,Chrome,9,8565,0
APP_00793,23,111654,841,1,10071,Chrome,18,12382,1
APP_00794,43,73639,752,9,10025,Safari,14,9136,0
APP_00795,66,107263,669,0,10017,Chrome,16,22272,1
APP_00796,45,28720,822,20,10050,Safari,11,6364,0
APP_00797,42,90425,732,20,10074,Chrome,19,18865,1
APP_00798,69,69755,650,12,10082,Chrome,18,37924,1
APP_00799,52,121387,596,10,10009,Safari,12,22380,1
APP_00800,40,77057,575,18,10026,Chrome,10,43367,0
APP_00801,24,138089,847,2,10017,Safari,16,32454,0
APP_00802,24,63762,598,2,10026,Chrome,13,25085,0
APP_00803,28,99797,738,6,10062,Chrome,18,28817,1
APP_00804,37,90679,749,6,10092,Chrome,21,18647,1
APP_00805,28,69264,848,6,10071,Chrome,18,22107,1
APP_00806,24,96091,617,2,10002,Safari,12,26209,0
APP_00807,65,112968,818,13,10088,Chrome,21,31905,1
APP_00808,42,97603,615,9,10073,Chrome,22,20613,1
APP_00809,69,30499,679,19,10020,Safari,12,12489,0
APP_00810,57,98805,821,18,10034,Safari,13,49387,0
APP_00811,43,28089,561,19,10094,Chrome,20,39565,1
APP_00812,41,114242,602,10,10048,Safari,15,17479,0
APP_00813,24,37665,618,2,10053,Chrome,20,27469,0
APP_00814,38,71233,698,16,10011,Chrome,13,13738,0
APP_00815,35,49054,563,9,10012,Safari,10,8240,1
APP_00816,31,70689,694,2,10062,Chrome,18,44691,0
APP_00817,60,144299,655,20,10086,Chrome,19,7244,1
APP_00818,40,140329,561,16,10074,Chrome,22,32518,1
APP_00819,33,64752,551,7,10011,Chrome,13,14327,1
APP_00820,29,48331,802,7,10054,Chrome,22,23667,0
APP_00821,51,52302,569,23,10087,Chrome,18,26797,1
APP_00822,65,102909,593,9,10062,Chrome,18,13433,1
APP_00823,59,34111,600,9,10072,Chrome,22,43968,1
APP_00824,60,59775,838,17,10056,Chrome,21,44263,1
APP_00825,33,80087,847,9,10052,Chrome,19,49825,1
APP_00826,46,62706,828,1,10057,Chrome,22,27302,1
APP_00827,28,38543,838,6,10002,Safari,10,25914,0
APP_00828,39,65701,637,7,10030,Safari,12,46136,0
APP_00829,32,139881,735,3,10033,Chrome,12,32689,0
APP_00830,40,129657,778,18,10058,Chrome,18,26271,1
APP_00831,55,71900,567,24,10005,Safari,11,7663,1
APP_00832,33,85289,657,11,10077,Chrome,21,18569,1
APP_00833,58,96558,831,23,10076,Chrome,21,29904,1
APP_00834,53,68790,554,10,10074,Chrome,18,10812,1
APP_00835,67,25654,797,6,10040,Safari,15,41591,0
APP_00836,57,76028,747,0,10004,Safari,13,27356,1
APP_00837,69,145044,786,16,10091,Chrome,22,40450,1
APP_00838,37,58757,738,3,10080,Chrome,19,37152,0
APP_00839,65,131379,639,4,10097,Chrome,21,8908,1
APP_00840,49,52959,648,4,10098,Chrome,22,36334,0
APP_00841,63,108308,607,13,10075,Chrome,21,38972,1
APP_00842,54,53742,605,8,10072,Chrome,20,44288,0
APP_00843,36,113741,810,14,10054,Chrome,21,46973,1
APP_00844,25,40198,841,3,10087,Chrome,21,32586,1
APP_00845,30,140260,695,8,10035,Safari,10,39765,0
APP_00846,25,139088,804,3,10050,Safari,12,45563,0
APP_00847,26,148745,783,0,10039,Safari,11,20194,0
APP_00848,45,131402,723,9,10039,Safari,15,38941,1
APP_00849,25,99160,608,3,10068,Chrome,19,16824,1
APP_00850,45,94351,796,14,10031,Safari,11,37353,0
APP_00851,45,111704,629,23,10077,Chrome,21,20823,1
APP_00852,51,40339,744,21,10086,Chrome,19,43523,0
APP_00853,33,42718,745,11,10031,Safari,12,48158,1
APP_00854,49,72631,714,20,10079,Chrome,22,42196,1
APP_00855,40,33605,594,17,10078,Chrome,21,18779,1
APP_00856,40,58132,849,6,10044,Safari,10,44236,1
APP_00857,31,44423,591,8,10077,Chrome,19,18833,1
APP_00858,59,98690,677,18,10021,Chrome,15,8149,1
APP_00859,42,131196,598,8,10017,Safari,15,48827,0
APP_00860,61,55373,720,18,10100,Chrome,22,19157,1
APP_00861,54,74597,770,10,10049,Safari,15,21645,0
APP_00862,22,38382,768,0,10092,Chrome,21,26395,0
APP_00863,59,58461,574,4,10021,Safari,13,33690,0
APP_00864,54,83560,786,2,10042,Safari,11,30752,0
APP_00865,66,124301,604,19,10052,Chrome,19,29502,1
APP_00866,69,47486,747,18,10077,Chrome,18,22232,1
APP_00867,23,101050,760,1,10007,Safari,11,20123,0
APP_00868,30,50616,832,8,10002,Safari,9,36556,0
APP_00869,60,112505,795,6,10081,Chrome,22,43885,1
APP_00870,46,90220,707,11,10068,Chrome,18,46266,1
APP_00871,45,127413,695,9,10057,Chrome,19,13720,1
APP_00872,51,140031,752,2,10023,Safari,12,32912,0
APP_00873,36,67907,737,2,10086,Chrome,22,41160,0
APP_00874,42,101208,658,0,10010,Safari,14,7939,0
APP_00875,43,120377,576,17,10039,Safari,16,32445,0
APP_00876,52,141477,711,6,10036,Safari,15,40208,1
APP_00877,30,56213,749,8,10035,Safari,14,14219,0
APP_00878,60,61307,753,1,10078,Chrome,21,18180,1
APP_00879,59,143070,617,14,10088,Chrome,18,10470,1
APP_00880,33,39953,682,11,10050,Chrome,15,36169,1
APP_00881,31,47990,657,9,10068,Chrome,18,11130,1
APP_00882,60,123422,711,5,10045,Safari,12,49814,0
APP_00883,35,45805,727,4,10032,Safari,10,16826,0
APP_00884,24,107428,642,2,10017,Safari,12,45166,0
APP_00885,45,79800,601,5,10083,Chrome,19,33552,1
APP_00886,48,70772,760,20,10024,Chrome,11,28544,0
APP_00887,58,83535,725,21,10035,Safari,16,8395,1
APP_00888,67,91381,690,5,10017,Safari,9,40585,1
APP_00889,34,37467,615,12,10092,Chrome,19,7581,1
APP_00890,68,149010,776,11,10088,Chrome,22,15024,1
APP_00891,66,32435,562,23,10074,Chrome,22,10666,1
APP_00892,24,143647,554,2,10071,Chrome,19,41713,1
APP_00893,55,98282,749,10,10071,Chrome,18,48454,1
APP_00894,53,68539,775,17,10080,Chrome,18,48333,1
APP_00895,44,79362,787,5,10038,Chrome,9,24790,0
APP_00896,50,51183,714,16,10052,Chrome,19,28790,1
APP_00897,26,85390,823,4,10037,Safari,10,35286,0
APP_00898,63,40994,725,11,10082,Chrome,20,12777,1
APP_00899,49,138153,718,15,10059,Chrome,21,19516,1
APP_00900,60,109627,829,12,10027,Safari,15,38332,1
APP_00901,59,60268,775,20,10015,Safari,11,23312,0
APP_00902,50,119389,674,18,10039,Safari,16,17316,0
APP_00903,32,96776,752,0,10021,Safari,10,9042,0
APP_00904,68,62201,672,0,10063,Chrome,21,40712,1
APP_00905,46,130514,633,2,10063,Chrome,19,34163,1
APP_00906,31,99308,814,1,10034,Chrome,10,40953,0
APP_00907,33,72779,634,11,10070,Chrome,20,38737,0
APP_00908,26,148885,767,4,10090,Chrome,21,47567,1
APP_00909,26,55461,820,4,10001,Safari,15,42726,1
APP_00910,34,34079,757,12,10021,Chrome,10,33477,0
APP_00911,59,36437,766,10,10072,Chrome,22,20167,1
APP_00912,59,72636,749,18,10063,Chrome,21,7311,1
APP_00913,67,133574,798,15,10009,Chrome,13,25981,1
APP_00914,37,102603,633,12,10037,Safari,16,36836,1
APP_00915,37,128013,715,13,10097,Chrome,18,15750,1
APP_00916,48,78463,639,18,10049,Safari,15,30820,0
APP_00917,26,97233,684,4,10036,Safari,10,15776,0
APP_00918,30,104732,678,8,10074,Chrome,18,18436,1
APP_00919,24,121261,674,2,10053,Chrome,19,18393,0
APP_00920,44,116137,753,21,10037,Chrome,12,28104,0
APP_00921,22,85624,800,0,10094,Chrome,20,9141,1
APP_00922,32,95871,573,9,10035,Safari,16,39831,0
APP_00923,38,121498,756,15,10015,Safari,15,22706,0
APP_00924,26,89994,624,4,10098,Chrome,19,48185,1
APP_00925,44,138606,588,2,10076,Chrome,19,27372,1
APP_00926,69,57334,551,8,10071,Chrome,21,15737,1
APP_00927,57,75975,577,12,10001,Safari,14,23467,0
APP_00928,46,83959,632,0,10069,Chrome,20,6132,1
APP_00929,58,88668,713,3,10036,Safari,16,42777,1
APP_00930,43,125417,570,3,10044,Safari,14,13793,0
APP_00931,42,87224,737,18,10073,Chrome,18,27259,1
APP_00932,69,58005,608,0,10099,Chrome,19,40310,1
APP_00933,41,26537,792,8,10083,Chrome,19,29207,0
APP_00934,25,111155,578,3,10014,Safari,9,13697,0
APP_00935,63,133575,623,10,10081,Chrome,19,25104,1
APP_00936,54,94603,649,17,10009,Safari,10,7509,1
APP_00937,46,73270,669,9,10029,Safari,10,43328,0
APP_00938,65,85646,757,10,10014,Chrome,10,39917,0
APP_00939,66,54545,759,19,10058,Chrome,18,28525,1
APP_00940,34,40043,641,12,10037,Chrome,13,20733,1
APP_00941,26,116038,594,4,10032,Safari,10,23635,0
APP_00942,50,56362,734,8,10026,Safari,12,39328,0
APP_00943,34,40078,849,2,10055,Chrome,19,6468,1
APP_00944,62,115283,613,11,10047,Safari,14,46017,0
APP_00945,63,138451,805,23,10043,Chrome,14,16334,1
APP_00946,27,124189,604,2,10013,Safari,16,22194,1
APP_00947,63,68723,560,6,10098,Chrome,22,7147,1
APP_00948,61,124251,595,11,10022,Safari,11,42755,1
APP_00949,51,34479,647,24,10073,Chrome,18,14490,1
APP_00950,26,130290,756,4,10083,Chrome,19,27554,1
APP_00951,40,67879,719,6,10060,Chrome,20,17516,1
APP_00952,40,131080,565,18,10007,Safari,13,48113,0
APP_00953,49,35100,726,4,10022,Safari,11,27368,0
APP_00954,64,37305,791,20,10030,Chrome,9,25121,0
APP_00955,69,90472,790,5,10002,Chrome,14,5105,0
APP_00956,45,111673,621,9,10017,Safari,14,19485,0
APP_00957,27,75713,689,2,10014,Safari,15,34799,0
APP_00958,46,136316,782,9,10055,Chrome,21,30473,1
APP_00959,46,70836,775,18,10058,Chrome,20,15871,1
APP_00960,27,117918,741,5,10019,Chrome,12,43347,1
APP_00961,26,70890,688,4,10094,Chrome,18,20450,1
APP_00962,49,145382,578,17,10012,Safari,13,37463,1
APP_00963,69,138687,648,21,10100,Chrome,19,5028,1
APP_00964,56,72599,692,9,10043,Safari,16,15303,0
APP_00965,23,143423,764,1,10038,Safari,13,17031,0
APP_00966,46,106199,843,22,10021,Safari,10,25858,0
APP_00967,27,93607,593,3,10028,Chrome,16,40321,0
APP_00968,24,41459,780,2,10066,Chrome,22,22492,1
APP_00969,32,30188,648,10,10066,Chrome,18,41445,1
APP_00970,67,30796,664,10,10087,Chrome,18,7786,1
APP_00971,23,124174,650,1,10058,Chrome,22,38108,1
APP_00972,50,120251,804,5,10020,Safari,16,14241,0
APP_00973,27,100432,774,0,10051,Chrome,20,17171,0
APP_00974,69,58688,840,11,10094,Chrome,22,9792,1
APP_00975,68,38237,618,23,10033,Safari,12,44795,1
APP_00976,33,113780,588,11,10046,Chrome,16,48822,0
APP_00977,65,140336,727,12,10060,Chrome,19,39318,1
APP_00978,57,119192,763,15,10041,Chrome,10,19086,0
APP_00979,25,60929,609,3,10016,Safari,13,16926,0
APP_00980,35,120310,838,13,10021,Safari,9,40001,0
APP_00981,35,29700,825,13,10053,Chrome,22,7513,1
APP_00982,44,105317,787,0,10018,Chrome,14,19352,0
APP_00983,40,134274,669,4,10034,Safari,10,25823,0
APP_00984,42,40882,767,16,10080,Chrome,20,15255,1
APP_00985,61,68005,561,2,10021,Safari,9,14503,0
APP_00986,62,106029,832,19,10025,Chrome,13,17546,1
APP_00987,41,96621,652,0,10055,Chrome,22,31849,1
APP_00988,68,35702,786,24,10014,Safari,15,29094,0
APP_00989,45,114402,834,9,10096,Chrome,21,8513,1
APP_00990,69,38335,658,21,10091,Chrome,21,46297,1
APP_00991,67,145721,586,8,10099,Chrome,21,10993,1
APP_00992,43,118650,602,2,10063,Chrome,18,49527,0
APP_00993,60,117259,636,18,10012,Safari,13,40278,0
APP_00994,50,108569,656,11,10002,Safari,14,37826,0
APP_00995,47,68890,743,7,10029,Chrome,14,38329,1
APP_00996,35,64029,751,2,10009,Safari,12,49866,0
APP_00997,60,71157,624,6,10025,Chrome,11,9655,0
APP_00998,43,71228,737,19,10096,Chrome,22,47243,1
APP_00999,49,148725,558,24,10035,Safari,9,28495,1
